BIO G512,MOLEC MECH OF GENE EXPRE,
BIO G514,MOLECULAR IMMUNOLOGY,
BIO G515,STEM CELL & REGENER BIO,
BIO G523,ADV & APPLIED MICROBIO,
BIO G525,ENVIR BIOTECH & WAS MGMT,
BIO G526,CANCER BIOLOGY,
BIO G532,BIOSTATISTICS AND BIOMODELLING,
BIO G542,ADVANCED CELL MOLE BIO,
BIO G661,GENE TOXICOLOGY,
BITS G511,ADVANCED PROJECT,
BITS G513,STUDY IN ADVANCED TOPICS,
BITS G529,RESEARCH PROJECT I,
BITS G539,RESEARCH PROJECT II,
BITS G540,RESEARCH PRACTICE,
BITS G553,REAL TIME SYSTEMS,
BITS G561T,DISSERTATION,
BITS G562T,DISSERTATION,
BITS G563T,DISSERTATION,
BITS G619,PROFESSIONAL PRACTICE,
BITS G629T,DISSERTATION,
BITS G649,READING COURSE,
BITS G654,ADV INSTRUMENTATION TECH,
CHE G513,ENVIRONMENTAL MANAGEMENT SYSTEMS,
CHE G523,MATH METHODS IN CHEM ENG,
CHE G613,ADVANCED MASS TRANSFER,
CHE G622,ADV CHEMICAL ENGG THERMO,
CHEM G521,ENVIRONMENTAL CHEMISTRY,
CS G518,INTERNET OF THINGS: DESIGN & DEVELOPMENT,
CS G519,SOCIAL MEDIA ANALYTICS,
CS G525,ADV COMPUTER NETWORKS,
CS G526,ADV ALGO & COMPLEXITY,
CS G527,CLOUD COMPUTING,
CS G541,PERVASIVE COMPUTING,
CS G553,RECONFIGURABLE COMPUTING,
CS G623,ADVANCED OPERAT SYSTEMS,
DE G531,PRODUCT DESIGN,
DE G611,DYNAMICS & VIBRATION,
DE G631,MATERIALS TECH & TESTING,
EE G501,ENVIRONMENTAL SAMPLING AND ANALYTICAL METHODS,
EEE G512,EMBEDDED SYSTEM DESIGN,
EEE G581,RF AND MICROWAVE ENGG,
EEE G612,CODING THEORY AND PRACTICE,
EEE G613,ADVANCED DIGITAL SIGNAL PROCESSING,
EEE G626,HARDWARE SOFTWARE CO-DESIGN,
ME G511,MECHANISMS & ROBOTICS,
ME G512,FINITE ELEMENT METHOD,
ME G515,COMPUT FLUID DYNAMICS,
ME G532,MACHINE TOOL ENGINEERING,
ME G535,ADV ENGG MATHEMATICS,
MEL G611,I C FABRICATION TECH,
MEL G621,VLSI DESIGN,
MEL G622,INTRO TO ARTIF NEURAL NET,
MEL G623,ADVANCED VLSI DESIGN,
MEL G624,ADV VLSI ARCHITECTURES,
MEL G625,ADV ANALOG & MIX SIG DES,
MEL G631,PHY & MO OF MICROEL DEV,
SAN G512,SANITATION AND PUBLIC HEALTH,
ME F112,WORKSHOP PRACTICE,
ME F211,MECHANICS OF SOLIDS,
ME F212,FLUID MECHANICS,
ME F216,MATERIAL SCI AND ENGINEERIN,
ME F217,APPLIED THERMODYNAMICS,
ME F266,STUDY PROJECT,
ME F314,DESIGN OF MACHINE ELEMENTS,
ME F315,ADVANCED MANUFACTURING PROCESS,
ME F316,MANUFACTURING MANAGEMENT,
ME F317,"ENGINES, MOTORS, AND MOBILITY",
ME F366,LABORATORY PROJECT,
ME F376,DESIGN PROJECT,
ME F415,GAS DYNAMICS,
ME F423,MICRO-FLUIDICS & ITS APP,
ME F443,QUALI CONTRO ASSUR & REL,
ME F485,NUM TECH FL FLOW & HEAT TRANS,
ME F491,SPECIAL PROJECTS,
INSTR F266,STUDY PROJECT,
INSTR F311,ELECTRO INST & INST TECH,
INSTR F312,TRANSD & MEASUREMENT SYS,